,parametro,mape_treino,rmse_treino,std_rmse_treino,r_quad_treino,mape_teste,rmse_teste,std_rmse_teste,r_quad_teste
0,ph,2.520173333333333,0.023025555555555556,0.001276640073216883,0.09271888888888889,2.5396266666666665,0.02324,0.0014081482455627595,0.0034222222222222228
1,coliformes,92.73553333333335,2.167844444444444,0.11715342357063668,,124.13892555555557,2.5707477777777776,0.12287077325787307,
2,dbo,27.837742222222225,0.30595,0.007410990337180154,0.4715533333333333,28.664377777777776,0.3254711111111111,0.005077698030008349,0.21684555555555557
3,fosforo,92.90687666666666,0.10860444444444445,0.004094800075012332,0.30478222222222223,139.08097888888886,0.11916666666666666,0.0011614486484399424,0.05262111111111111
4,od,31.395667777777778,0.2469833333333334,0.0017579027908909673,0.08283000000000001,27.81593333333333,0.21397888888888886,0.0019711104847800563,0.0032655555555555554
5,solido,2.479783333333333,0.07601999999999999,0.0013800992986282075,0.26642111111111116,2.7174055555555556,0.08555888888888888,0.0017240441975372087,
6,turbidez,12.556749999999997,0.21795222222222224,0.004518439039981023,0.05075888888888889,14.29927,0.2453622222222222,0.002072352989618382,0.038871111111111106
