,parametro,mape_treino,rmse_treino,std_rmse_treino,r_quad_treino,mape_teste,rmse_teste,std_rmse_teste,r_quad_teste
0,ph,2.3509422222222227,0.02165111111111111,0.0006573647351826291,0.05816999999999999,2.2942688888888885,0.02117111111111111,0.000878392190030268,0.003744444444444445
1,coliformes,92.44787,2.176868888888889,0.07884494578946209,0.22044333333333335,123.5122822222222,2.5769122222222216,0.08007065918130322,0.10090666666666667
2,dbo,28.324210000000004,0.3090111111111111,0.01043410658594754,0.3657722222222222,29.49111888888889,0.33525777777777777,0.008293600537555644,0.12080222222222223
3,fosforo,95.34241333333334,0.11131888888888888,0.003541070494485186,0.13787555555555556,141.0584333333333,0.1206088888888889,0.001475451803581315,0.02039888888888889
4,od,30.559996666666667,0.24090777777777778,0.002921414336994172,0.04558777777777779,27.21039,0.2094477777777778,0.00442312469853219,0.005083333333333333
5,solido,2.4902433333333334,0.07674222222222223,0.0010602562001122882,0.21195444444444442,2.7327877777777783,0.08619666666666666,0.001443981122273237,0.009377777777777778
6,turbidez,12.344765555555556,0.21428555555555553,0.003140835384667632,0.04372777777777778,13.917316666666666,0.2429788888888889,0.0033257606574462486,0.057915555555555547
