,parametro,mape_treino,rmse_treino,std_rmse_treino,r_quad_treino,mape_teste,rmse_teste,std_rmse_teste,r_quad_teste
0,ph,1.3192233333333332,0.014908888888888888,0.0006543265315395239,0.3585555555555555,1.978068888888889,0.02122888888888889,0.00035467599542172984,0.08955555555555557
1,coliformes,9.06967222222222,0.6369999999999999,0.010622354136791329,0.023111111111111114,54.39158444444445,1.5889466666666665,0.01054226625435807,0.007444444444444445
2,dbo,19.202646666666666,0.26040888888888886,0.007736976791780052,0.24911111111111112,12.009263333333333,0.2130177777777778,0.003470785302677755,0.03555555555555555
3,fosforo,74.05526,0.11688333333333333,0.0018874537031359205,0.14755555555555555,68.96179555555554,0.10745333333333333,0.0010365934236362527,0.05933333333333334
4,od,86.71423444444444,0.16482555555555553,0.003970581012930848,0.10222222222222223,41.95737444444444,0.12935888888888888,0.0032104912896607656,0.07922222222222224
5,solido,5.612171111111111,0.17317888888888888,0.003164645358790392,0.19111111111111112,3.8911433333333334,0.11692444444444443,0.0034006473603030063,0.035333333333333335
6,turbidez,13.628973333333333,0.21750444444444444,0.00452471593815431,0.1551111111111111,11.464916666666666,0.21025111111111108,0.00422802583591158,0.0073333333333333315
