,tecnica,parametro,mape_treino,rmse_treino,std_rmse_treino,r_quad_treino,mape_teste,rmse_teste,std_rmse_teste,r_quad_teste
6,RF (Todas var.),temperatura,2.55,0.04,0.0,0.0,2.82,0.05,0.0,0.03
6,RL (Univar.),temperatura,2.5693333333333337,0.04,0.0,0.14666666666666664,3.2293333333333334,0.05000000000000002,1.3877787807814454e-17,0.09733333333333333
6,RF (Univar.),temperatura,2.595333333333334,0.042,0.004000000000000001,0.12933333333333333,3.3273333333333333,0.05466666666666668,0.004988876515698586,0.052000000000000005
6,MLP (Univar.),temperatura,2.6096611111111105,0.044493333333333336,0.0007082529366139072,0.09527666666666668,3.3169177777777787,0.05538999999999999,0.0007169327671355177,0.05529222222222222
6,LSTM (Univar.),temperatura,2.6469033333333334,0.04507111111111111,0.0005303201921224929,0.08810000000000001,3.3363155555555557,0.055893333333333343,0.0004187636122718437,0.036263333333333335
6,RL (Todas var.),temperatura,2.81,0.04,0.0,0.05,3.55,0.06,0.01,0.01
6,MLP (Todas var.),temperatura,35.26,0.49,0.0,0.01,35.9,0.5,0.0,0.01
6,LSTM (Todas var.),temperatura,35.31,0.49,0.0,0.01,35.95,0.5,0.0,0.02
