,parametro,mape_treino,rmse_treino,std_rmse_treino,r_quad_treino,mape_teste,rmse_teste,std_rmse_teste,r_quad_teste,TECNICA
6,temperatura,1.594666666666667,0.030000000000000013,1.3877787807814454e-17,0.19933333333333333,1.8733333333333333,0.030000000000000013,1.3877787807814454e-17,0.14866666666666667,RL (UNIVARIADA)
6,temperatura,1.7317777777777776,0.030000000000000013,1.3877787807814454e-17,0.14044444444444446,2.0069999999999997,0.030000000000000013,1.3877787807814454e-17,0.08455555555555555,LSTM (UNIVARIADA)
6,temperatura,1.8508888888888888,0.030000000000000013,1.3877787807814454e-17,0.094,2.110111111111111,0.030000000000000013,1.3877787807814454e-17,0.030222222222222227,LSTM (TODAS VAR.)
6,temperatura,1.865777777777777,0.030000000000000013,1.3877787807814454e-17,0.08622222222222223,2.1117777777777778,0.030000000000000013,1.3877787807814454e-17,0.028333333333333325,MLP (TODAS VAR.)
6,temperatura,1.6336077777777782,0.02911555555555556,0.0005898985056037859,0.16667333333333334,1.9067177777777784,0.031830000000000004,0.0005320888257786644,0.1225122222222222,MLP (UNIVARIADA)
6,temperatura,2.2797533333333337,0.010846666666666666,0.0002578543947441829,0.9446666666666664,2.1474666666666664,0.03194,0.0009199999999999998,0.08733333333333332,RF (TODAS VAR.)
6,temperatura,0.6329133333333333,0.011426666666666665,0.0023797665618477976,0.91324,1.9890933333333332,0.03424666666666667,0.0016716724825422266,0.09095333333333334,RF (UNIVARIADA)
6,temperatura,2.1381266666666665,0.02560666666666667,0.0017879100151356113,0.34266666666666673,2.6012733333333333,0.03802666666666667,0.004270904145754412,0.08200000000000003,RL (TODAS VAR.)
